captured_at,source_time,race_date,track,race_no,bet_type,combination,odds_low,odds_high,popularity,source_url
2026-09-20 13:17:02,13:16,2026-09-20,saga,1,馬連,1-6,3.5,3.5,1,https://www.keiba.go.jp/KeibaWeb/TodayRaceInfo/OddsUmLenFuku?k_babaCode=32&k_raceDate=2026%2F09%2F20&k_raceNo=1
2026-09-20 13:17:02,13:16,2026-09-20,saga,1,馬連,1-3,7.1,7.1,2,https://www.keiba.go.jp/KeibaWeb/TodayRaceInfo/OddsUmLenFuku?k_babaCode=32&k_raceDate=2026%2F09%2F20&k_raceNo=1
2026-09-20 13:17:02,13:16,2026-09-20,saga,1,馬連,1-2,7.7,7.7,3,https://www.keiba.go.jp/KeibaWeb/TodayRaceInfo/OddsUmLenFuku?k_babaCode=32&k_raceDate=2026%2F09%2F20&k_raceNo=1
2026-09-20 13:17:02,13:16,2026-09-20,saga,1,馬連,2-6,8.5,8.5,4,https://www.keiba.go.jp/KeibaWeb/TodayRaceInfo/OddsUmLenFuku?k_babaCode=32&k_raceDate=2026%2F09%2F20&k_raceNo=1
2026-09-20 13:17:02,13:16,2026-09-20,saga,1,馬連,1-4,9.4,9.4,5,https://www.keiba.go.jp/KeibaWeb/TodayRaceInfo/OddsUmLenFuku?k_babaCode=32&k_raceDate=2026%2F09%2F20&k_raceNo=1
2026-09-20 13:17:02,13:16,2026-09-20,saga,1,馬連,3-6,11.1,11.1,6,https://www.keiba.go.jp/KeibaWeb/TodayRaceInfo/OddsUmLenFuku?k_babaCode=32&k_raceDate=2026%2F09%2F20&k_raceNo=1
2026-09-20 13:17:02,13:16,2026-09-20,saga,1,馬連,4-6,18.0,18.0,7,https://www.keiba.go.jp/KeibaWeb/TodayRaceInfo/OddsUmLenFuku?k_babaCode=32&k_raceDate=2026%2F09%2F20&k_raceNo=1
2026-09-20 13:17:02,13:16,2026-09-20,saga,1,馬連,1-7,19.8,19.8,8,https://www.keiba.go.jp/KeibaWeb/TodayRaceInfo/OddsUmLenFuku?k_babaCode=32&k_raceDate=2026%2F09%2F20&k_raceNo=1
2026-09-20 13:17:02,13:16,2026-09-20,saga,1,馬連,6-7,22.2,22.2,9,https://www.keiba.go.jp/KeibaWeb/TodayRaceInfo/OddsUmLenFuku?k_babaCode=32&k_raceDate=2026%2F09%2F20&k_raceNo=1
2026-09-20 13:17:02,13:16,2026-09-20,saga,1,馬連,2-7,23.6,23.6,10,https://www.keiba.go.jp/KeibaWeb/TodayRaceInfo/OddsUmLenFuku?k_babaCode=32&k_raceDate=2026%2F09%2F20&k_raceNo=1
2026-09-20 13:17:02,13:16,2026-09-20,saga,1,馬連,3-4,23.6,23.6,10,https://www.keiba.go.jp/KeibaWeb/TodayRaceInfo/OddsUmLenFuku?k_babaCode=32&k_raceDate=2026%2F09%2F20&k_raceNo=1
2026-09-20 13:17:02,13:16,2026-09-20,saga,1,馬連,2-4,25.2,25.2,12,https://www.keiba.go.jp/KeibaWeb/TodayRaceInfo/OddsUmLenFuku?k_babaCode=32&k_raceDate=2026%2F09%2F20&k_raceNo=1
2026-09-20 13:17:02,13:16,2026-09-20,saga,1,馬連,5-6,29.0,29.0,13,https://www.keiba.go.jp/KeibaWeb/TodayRaceInfo/OddsUmLenFuku?k_babaCode=32&k_raceDate=2026%2F09%2F20&k_raceNo=1
2026-09-20 13:17:02,13:16,2026-09-20,saga,1,馬連,3-7,31.5,31.5,14,https://www.keiba.go.jp/KeibaWeb/TodayRaceInfo/OddsUmLenFuku?k_babaCode=32&k_raceDate=2026%2F09%2F20&k_raceNo=1
2026-09-20 13:17:02,13:16,2026-09-20,saga,1,馬連,5-7,34.3,34.3,15,https://www.keiba.go.jp/KeibaWeb/TodayRaceInfo/OddsUmLenFuku?k_babaCode=32&k_raceDate=2026%2F09%2F20&k_raceNo=1
2026-09-20 13:17:02,13:16,2026-09-20,saga,1,馬連,1-5,37.8,37.8,16,https://www.keiba.go.jp/KeibaWeb/TodayRaceInfo/OddsUmLenFuku?k_babaCode=32&k_raceDate=2026%2F09%2F20&k_raceNo=1
2026-09-20 13:17:02,13:16,2026-09-20,saga,1,馬連,2-3,37.8,37.8,16,https://www.keiba.go.jp/KeibaWeb/TodayRaceInfo/OddsUmLenFuku?k_babaCode=32&k_raceDate=2026%2F09%2F20&k_raceNo=1
2026-09-20 13:17:02,13:16,2026-09-20,saga,1,馬連,3-5,54.0,54.0,18,https://www.keiba.go.jp/KeibaWeb/TodayRaceInfo/OddsUmLenFuku?k_babaCode=32&k_raceDate=2026%2F09%2F20&k_raceNo=1
2026-09-20 13:17:02,13:16,2026-09-20,saga,1,馬連,2-5,94.5,94.5,19,https://www.keiba.go.jp/KeibaWeb/TodayRaceInfo/OddsUmLenFuku?k_babaCode=32&k_raceDate=2026%2F09%2F20&k_raceNo=1
2026-09-20 13:17:02,13:16,2026-09-20,saga,1,馬連,4-7,94.5,94.5,19,https://www.keiba.go.jp/KeibaWeb/TodayRaceInfo/OddsUmLenFuku?k_babaCode=32&k_raceDate=2026%2F09%2F20&k_raceNo=1
2026-09-20 13:17:02,13:16,2026-09-20,saga,1,馬連,4-5,126.0,126.0,21,https://www.keiba.go.jp/KeibaWeb/TodayRaceInfo/OddsUmLenFuku?k_babaCode=32&k_raceDate=2026%2F09%2F20&k_raceNo=1
2026-09-20 13:17:02,13:16,2026-09-20,saga,1,ワイド,1-6,1.0,1.0,1,https://www.keiba.go.jp/KeibaWeb/TodayRaceInfo/OddsWide?k_babaCode=32&k_raceDate=2026%2F09%2F20&k_raceNo=1
2026-09-20 13:17:02,13:16,2026-09-20,saga,1,ワイド,2-6,1.3,2.7,2,https://www.keiba.go.jp/KeibaWeb/TodayRaceInfo/OddsWide?k_babaCode=32&k_raceDate=2026%2F09%2F20&k_raceNo=1
2026-09-20 13:17:02,13:16,2026-09-20,saga,1,ワイド,4-6,2.1,4.4,3,https://www.keiba.go.jp/KeibaWeb/TodayRaceInfo/OddsWide?k_babaCode=32&k_raceDate=2026%2F09%2F20&k_raceNo=1
2026-09-20 13:17:02,13:16,2026-09-20,saga,1,ワイド,1-2,2.8,7.7,4,https://www.keiba.go.jp/KeibaWeb/TodayRaceInfo/OddsWide?k_babaCode=32&k_raceDate=2026%2F09%2F20&k_raceNo=1
2026-09-20 13:17:02,13:16,2026-09-20,saga,1,ワイド,3-6,3.8,8.4,5,https://www.keiba.go.jp/KeibaWeb/TodayRaceInfo/OddsWide?k_babaCode=32&k_raceDate=2026%2F09%2F20&k_raceNo=1
2026-09-20 13:17:02,13:16,2026-09-20,saga,1,ワイド,1-3,4.6,10.7,6,https://www.keiba.go.jp/KeibaWeb/TodayRaceInfo/OddsWide?k_babaCode=32&k_raceDate=2026%2F09%2F20&k_raceNo=1
2026-09-20 13:17:02,13:16,2026-09-20,saga,1,ワイド,1-4,4.7,11.7,7,https://www.keiba.go.jp/KeibaWeb/TodayRaceInfo/OddsWide?k_babaCode=32&k_raceDate=2026%2F09%2F20&k_raceNo=1
2026-09-20 13:17:02,13:16,2026-09-20,saga,1,ワイド,6-7,6.4,14.5,8,https://www.keiba.go.jp/KeibaWeb/TodayRaceInfo/OddsWide?k_babaCode=32&k_raceDate=2026%2F09%2F20&k_raceNo=1
2026-09-20 13:17:02,13:16,2026-09-20,saga,1,ワイド,5-6,9.3,20.7,9,https://www.keiba.go.jp/KeibaWeb/TodayRaceInfo/OddsWide?k_babaCode=32&k_raceDate=2026%2F09%2F20&k_raceNo=1
2026-09-20 13:17:02,13:16,2026-09-20,saga,1,ワイド,1-7,9.9,23.0,10,https://www.keiba.go.jp/KeibaWeb/TodayRaceInfo/OddsWide?k_babaCode=32&k_raceDate=2026%2F09%2F20&k_raceNo=1
2026-09-20 13:17:02,13:16,2026-09-20,saga,1,ワイド,2-4,10.4,12.3,11,https://www.keiba.go.jp/KeibaWeb/TodayRaceInfo/OddsWide?k_babaCode=32&k_raceDate=2026%2F09%2F20&k_raceNo=1
2026-09-20 13:17:02,13:16,2026-09-20,saga,1,ワイド,2-3,11.3,13.0,12,https://www.keiba.go.jp/KeibaWeb/TodayRaceInfo/OddsWide?k_babaCode=32&k_raceDate=2026%2F09%2F20&k_raceNo=1
2026-09-20 13:17:02,13:16,2026-09-20,saga,1,ワイド,2-7,14.6,16.5,13,https://www.keiba.go.jp/KeibaWeb/TodayRaceInfo/OddsWide?k_babaCode=32&k_raceDate=2026%2F09%2F20&k_raceNo=1
2026-09-20 13:17:02,13:16,2026-09-20,saga,1,ワイド,3-4,17.7,19.2,14,https://www.keiba.go.jp/KeibaWeb/TodayRaceInfo/OddsWide?k_babaCode=32&k_raceDate=2026%2F09%2F20&k_raceNo=1
2026-09-20 13:17:02,13:16,2026-09-20,saga,1,ワイド,1-5,24.3,56.5,15,https://www.keiba.go.jp/KeibaWeb/TodayRaceInfo/OddsWide?k_babaCode=32&k_raceDate=2026%2F09%2F20&k_raceNo=1
2026-09-20 13:17:02,13:16,2026-09-20,saga,1,ワイド,2-5,33.7,37.7,16,https://www.keiba.go.jp/KeibaWeb/TodayRaceInfo/OddsWide?k_babaCode=32&k_raceDate=2026%2F09%2F20&k_raceNo=1
2026-09-20 13:17:02,13:16,2026-09-20,saga,1,ワイド,4-5,35.6,38.0,17,https://www.keiba.go.jp/KeibaWeb/TodayRaceInfo/OddsWide?k_babaCode=32&k_raceDate=2026%2F09%2F20&k_raceNo=1
2026-09-20 13:17:02,13:16,2026-09-20,saga,1,ワイド,3-7,36.5,38.1,18,https://www.keiba.go.jp/KeibaWeb/TodayRaceInfo/OddsWide?k_babaCode=32&k_raceDate=2026%2F09%2F20&k_raceNo=1
2026-09-20 13:17:02,13:16,2026-09-20,saga,1,ワイド,4-7,42.4,45.5,19,https://www.keiba.go.jp/KeibaWeb/TodayRaceInfo/OddsWide?k_babaCode=32&k_raceDate=2026%2F09%2F20&k_raceNo=1
2026-09-20 13:17:02,13:16,2026-09-20,saga,1,ワイド,3-5,54.9,56.8,20,https://www.keiba.go.jp/KeibaWeb/TodayRaceInfo/OddsWide?k_babaCode=32&k_raceDate=2026%2F09%2F20&k_raceNo=1
2026-09-20 13:17:02,13:16,2026-09-20,saga,1,ワイド,5-7,74.0,75.5,21,https://www.keiba.go.jp/KeibaWeb/TodayRaceInfo/OddsWide?k_babaCode=32&k_raceDate=2026%2F09%2F20&k_raceNo=1
2026-09-20 13:17:02,13:16,2026-09-20,saga,1,三連複,1-2-6,4.8,4.8,1,https://www.keiba.go.jp/KeibaWeb/TodayRaceInfo/Odds3LenFuku?k_babaCode=32&k_raceDate=2026%2F09%2F20&k_raceNo=1
2026-09-20 13:17:02,13:16,2026-09-20,saga,1,三連複,1-4-6,5.2,5.2,2,https://www.keiba.go.jp/KeibaWeb/TodayRaceInfo/Odds3LenFuku?k_babaCode=32&k_raceDate=2026%2F09%2F20&k_raceNo=1
2026-09-20 13:17:02,13:16,2026-09-20,saga,1,三連複,1-3-6,9.7,9.7,3,https://www.keiba.go.jp/KeibaWeb/TodayRaceInfo/Odds3LenFuku?k_babaCode=32&k_raceDate=2026%2F09%2F20&k_raceNo=1
2026-09-20 13:17:02,13:16,2026-09-20,saga,1,三連複,2-4-6,9.8,9.8,4,https://www.keiba.go.jp/KeibaWeb/TodayRaceInfo/Odds3LenFuku?k_babaCode=32&k_raceDate=2026%2F09%2F20&k_raceNo=1
2026-09-20 13:17:02,13:16,2026-09-20,saga,1,三連複,1-2-4,10.5,10.5,5,https://www.keiba.go.jp/KeibaWeb/TodayRaceInfo/Odds3LenFuku?k_babaCode=32&k_raceDate=2026%2F09%2F20&k_raceNo=1
2026-09-20 13:17:02,13:16,2026-09-20,saga,1,三連複,1-6-7,16.5,16.5,6,https://www.keiba.go.jp/KeibaWeb/TodayRaceInfo/Odds3LenFuku?k_babaCode=32&k_raceDate=2026%2F09%2F20&k_raceNo=1
2026-09-20 13:17:02,13:16,2026-09-20,saga,1,三連複,1-2-3,16.8,16.8,7,https://www.keiba.go.jp/KeibaWeb/TodayRaceInfo/Odds3LenFuku?k_babaCode=32&k_raceDate=2026%2F09%2F20&k_raceNo=1
2026-09-20 13:17:02,13:16,2026-09-20,saga,1,三連複,1-3-4,20.1,20.1,8,https://www.keiba.go.jp/KeibaWeb/TodayRaceInfo/Odds3LenFuku?k_babaCode=32&k_raceDate=2026%2F09%2F20&k_raceNo=1
2026-09-20 13:17:02,13:16,2026-09-20,saga,1,三連複,1-3-7,25.8,25.8,9,https://www.keiba.go.jp/KeibaWeb/TodayRaceInfo/Odds3LenFuku?k_babaCode=32&k_raceDate=2026%2F09%2F20&k_raceNo=1
2026-09-20 13:17:02,13:16,2026-09-20,saga,1,三連複,1-4-7,25.8,25.8,9,https://www.keiba.go.jp/KeibaWeb/TodayRaceInfo/Odds3LenFuku?k_babaCode=32&k_raceDate=2026%2F09%2F20&k_raceNo=1
2026-09-20 13:17:02,13:16,2026-09-20,saga,1,三連複,3-4-6,25.8,25.8,9,https://www.keiba.go.jp/KeibaWeb/TodayRaceInfo/Odds3LenFuku?k_babaCode=32&k_raceDate=2026%2F09%2F20&k_raceNo=1
2026-09-20 13:17:02,13:16,2026-09-20,saga,1,三連複,1-2-7,28.8,28.8,12,https://www.keiba.go.jp/KeibaWeb/TodayRaceInfo/Odds3LenFuku?k_babaCode=32&k_raceDate=2026%2F09%2F20&k_raceNo=1
2026-09-20 13:17:02,13:16,2026-09-20,saga,1,三連複,2-4-5,28.8,28.8,12,https://www.keiba.go.jp/KeibaWeb/TodayRaceInfo/Odds3LenFuku?k_babaCode=32&k_raceDate=2026%2F09%2F20&k_raceNo=1
2026-09-20 13:17:02,13:16,2026-09-20,saga,1,三連複,4-5-6,30.5,30.5,14,https://www.keiba.go.jp/KeibaWeb/TodayRaceInfo/Odds3LenFuku?k_babaCode=32&k_raceDate=2026%2F09%2F20&k_raceNo=1
2026-09-20 13:17:02,13:16,2026-09-20,saga,1,三連複,1-5-6,33.6,33.6,15,https://www.keiba.go.jp/KeibaWeb/TodayRaceInfo/Odds3LenFuku?k_babaCode=32&k_raceDate=2026%2F09%2F20&k_raceNo=1
2026-09-20 13:17:02,13:16,2026-09-20,saga,1,三連複,2-3-6,38.7,38.7,16,https://www.keiba.go.jp/KeibaWeb/TodayRaceInfo/Odds3LenFuku?k_babaCode=32&k_raceDate=2026%2F09%2F20&k_raceNo=1
2026-09-20 13:17:02,13:16,2026-09-20,saga,1,三連複,4-6-7,38.7,38.7,16,https://www.keiba.go.jp/KeibaWeb/TodayRaceInfo/Odds3LenFuku?k_babaCode=32&k_raceDate=2026%2F09%2F20&k_raceNo=1
2026-09-20 13:17:02,13:16,2026-09-20,saga,1,三連複,1-2-5,45.8,45.8,18,https://www.keiba.go.jp/KeibaWeb/TodayRaceInfo/Odds3LenFuku?k_babaCode=32&k_raceDate=2026%2F09%2F20&k_raceNo=1
2026-09-20 13:17:02,13:16,2026-09-20,saga,1,三連複,2-6-7,48.0,48.0,19,https://www.keiba.go.jp/KeibaWeb/TodayRaceInfo/Odds3LenFuku?k_babaCode=32&k_raceDate=2026%2F09%2F20&k_raceNo=1
2026-09-20 13:17:02,13:16,2026-09-20,saga,1,三連複,3-6-7,48.0,48.0,19,https://www.keiba.go.jp/KeibaWeb/TodayRaceInfo/Odds3LenFuku?k_babaCode=32&k_raceDate=2026%2F09%2F20&k_raceNo=1
2026-09-20 13:17:02,13:16,2026-09-20,saga,1,三連複,1-5-7,59.3,59.3,21,https://www.keiba.go.jp/KeibaWeb/TodayRaceInfo/Odds3LenFuku?k_babaCode=32&k_raceDate=2026%2F09%2F20&k_raceNo=1
2026-09-20 13:17:02,13:16,2026-09-20,saga,1,三連複,2-4-7,59.3,59.3,21,https://www.keiba.go.jp/KeibaWeb/TodayRaceInfo/Odds3LenFuku?k_babaCode=32&k_raceDate=2026%2F09%2F20&k_raceNo=1
2026-09-20 13:17:02,13:16,2026-09-20,saga,1,三連複,1-3-5,63.0,63.0,23,https://www.keiba.go.jp/KeibaWeb/TodayRaceInfo/Odds3LenFuku?k_babaCode=32&k_raceDate=2026%2F09%2F20&k_raceNo=1
2026-09-20 13:17:02,13:16,2026-09-20,saga,1,三連複,1-4-5,67.2,67.2,24,https://www.keiba.go.jp/KeibaWeb/TodayRaceInfo/Odds3LenFuku?k_babaCode=32&k_raceDate=2026%2F09%2F20&k_raceNo=1
2026-09-20 13:17:02,13:16,2026-09-20,saga,1,三連複,2-3-4,72.0,72.0,25,https://www.keiba.go.jp/KeibaWeb/TodayRaceInfo/Odds3LenFuku?k_babaCode=32&k_raceDate=2026%2F09%2F20&k_raceNo=1
2026-09-20 13:17:02,13:16,2026-09-20,saga,1,三連複,2-3-7,100.8,100.8,26,https://www.keiba.go.jp/KeibaWeb/TodayRaceInfo/Odds3LenFuku?k_babaCode=32&k_raceDate=2026%2F09%2F20&k_raceNo=1
2026-09-20 13:17:02,13:16,2026-09-20,saga,1,三連複,3-4-7,100.8,100.8,26,https://www.keiba.go.jp/KeibaWeb/TodayRaceInfo/Odds3LenFuku?k_babaCode=32&k_raceDate=2026%2F09%2F20&k_raceNo=1
2026-09-20 13:17:02,13:16,2026-09-20,saga,1,三連複,2-3-5,112.0,112.0,28,https://www.keiba.go.jp/KeibaWeb/TodayRaceInfo/Odds3LenFuku?k_babaCode=32&k_raceDate=2026%2F09%2F20&k_raceNo=1
2026-09-20 13:17:02,13:16,2026-09-20,saga,1,三連複,3-4-5,112.0,112.0,28,https://www.keiba.go.jp/KeibaWeb/TodayRaceInfo/Odds3LenFuku?k_babaCode=32&k_raceDate=2026%2F09%2F20&k_raceNo=1
2026-09-20 13:17:02,13:16,2026-09-20,saga,1,三連複,3-5-7,126.0,126.0,30,https://www.keiba.go.jp/KeibaWeb/TodayRaceInfo/Odds3LenFuku?k_babaCode=32&k_raceDate=2026%2F09%2F20&k_raceNo=1
2026-09-20 13:17:02,13:16,2026-09-20,saga,1,三連複,2-5-7,144.0,144.0,31,https://www.keiba.go.jp/KeibaWeb/TodayRaceInfo/Odds3LenFuku?k_babaCode=32&k_raceDate=2026%2F09%2F20&k_raceNo=1
2026-09-20 13:17:02,13:16,2026-09-20,saga,1,三連複,3-5-6,144.0,144.0,31,https://www.keiba.go.jp/KeibaWeb/TodayRaceInfo/Odds3LenFuku?k_babaCode=32&k_raceDate=2026%2F09%2F20&k_raceNo=1
2026-09-20 13:17:02,13:16,2026-09-20,saga,1,三連複,2-5-6,168.0,168.0,33,https://www.keiba.go.jp/KeibaWeb/TodayRaceInfo/Odds3LenFuku?k_babaCode=32&k_raceDate=2026%2F09%2F20&k_raceNo=1
2026-09-20 13:17:02,13:16,2026-09-20,saga,1,三連複,4-5-7,201.6,201.6,34,https://www.keiba.go.jp/KeibaWeb/TodayRaceInfo/Odds3LenFuku?k_babaCode=32&k_raceDate=2026%2F09%2F20&k_raceNo=1
2026-09-20 13:17:02,13:16,2026-09-20,saga,1,三連複,5-6-7,201.6,201.6,34,https://www.keiba.go.jp/KeibaWeb/TodayRaceInfo/Odds3LenFuku?k_babaCode=32&k_raceDate=2026%2F09%2F20&k_raceNo=1
