captured_at,source_time,race_date,track,race_no,minutes_before,bet_type,combination,odds_low,odds_high,popularity,source_url
2026-09-26 18:35:58,18:35,2026-09-26,saga,7,30,馬連,3-8,4.7,4.7,1,https://www.keiba.go.jp/KeibaWeb/TodayRaceInfo/OddsUmLenFuku?k_babaCode=32&k_raceDate=2026%2F09%2F26&k_raceNo=7
2026-09-26 18:35:58,18:35,2026-09-26,saga,7,30,馬連,3-9,7.6,7.6,2,https://www.keiba.go.jp/KeibaWeb/TodayRaceInfo/OddsUmLenFuku?k_babaCode=32&k_raceDate=2026%2F09%2F26&k_raceNo=7
2026-09-26 18:35:58,18:35,2026-09-26,saga,7,30,馬連,2-3,11.7,11.7,3,https://www.keiba.go.jp/KeibaWeb/TodayRaceInfo/OddsUmLenFuku?k_babaCode=32&k_raceDate=2026%2F09%2F26&k_raceNo=7
2026-09-26 18:35:58,18:35,2026-09-26,saga,7,30,馬連,3-5,14.8,14.8,4,https://www.keiba.go.jp/KeibaWeb/TodayRaceInfo/OddsUmLenFuku?k_babaCode=32&k_raceDate=2026%2F09%2F26&k_raceNo=7
2026-09-26 18:35:58,18:35,2026-09-26,saga,7,30,馬連,8-9,15.6,15.6,5,https://www.keiba.go.jp/KeibaWeb/TodayRaceInfo/OddsUmLenFuku?k_babaCode=32&k_raceDate=2026%2F09%2F26&k_raceNo=7
2026-09-26 18:35:58,18:35,2026-09-26,saga,7,30,馬連,6-8,18.5,18.5,6,https://www.keiba.go.jp/KeibaWeb/TodayRaceInfo/OddsUmLenFuku?k_babaCode=32&k_raceDate=2026%2F09%2F26&k_raceNo=7
2026-09-26 18:35:58,18:35,2026-09-26,saga,7,30,馬連,3-10,21.0,21.0,7,https://www.keiba.go.jp/KeibaWeb/TodayRaceInfo/OddsUmLenFuku?k_babaCode=32&k_raceDate=2026%2F09%2F26&k_raceNo=7
2026-09-26 18:35:58,18:35,2026-09-26,saga,7,30,馬連,5-8,22.2,22.2,8,https://www.keiba.go.jp/KeibaWeb/TodayRaceInfo/OddsUmLenFuku?k_babaCode=32&k_raceDate=2026%2F09%2F26&k_raceNo=7
2026-09-26 18:35:58,18:35,2026-09-26,saga,7,30,馬連,3-4,25.7,25.7,9,https://www.keiba.go.jp/KeibaWeb/TodayRaceInfo/OddsUmLenFuku?k_babaCode=32&k_raceDate=2026%2F09%2F26&k_raceNo=7
2026-09-26 18:35:58,18:35,2026-09-26,saga,7,30,馬連,2-8,26.6,26.6,10,https://www.keiba.go.jp/KeibaWeb/TodayRaceInfo/OddsUmLenFuku?k_babaCode=32&k_raceDate=2026%2F09%2F26&k_raceNo=7
2026-09-26 18:35:58,18:35,2026-09-26,saga,7,30,馬連,5-9,27.5,27.5,11,https://www.keiba.go.jp/KeibaWeb/TodayRaceInfo/OddsUmLenFuku?k_babaCode=32&k_raceDate=2026%2F09%2F26&k_raceNo=7
2026-09-26 18:35:58,18:35,2026-09-26,saga,7,30,馬連,3-7,30.7,30.7,12,https://www.keiba.go.jp/KeibaWeb/TodayRaceInfo/OddsUmLenFuku?k_babaCode=32&k_raceDate=2026%2F09%2F26&k_raceNo=7
2026-09-26 18:35:58,18:35,2026-09-26,saga,7,30,馬連,4-8,33.3,33.3,13,https://www.keiba.go.jp/KeibaWeb/TodayRaceInfo/OddsUmLenFuku?k_babaCode=32&k_raceDate=2026%2F09%2F26&k_raceNo=7
2026-09-26 18:35:58,18:35,2026-09-26,saga,7,30,馬連,2-7,36.3,36.3,14,https://www.keiba.go.jp/KeibaWeb/TodayRaceInfo/OddsUmLenFuku?k_babaCode=32&k_raceDate=2026%2F09%2F26&k_raceNo=7
2026-09-26 18:35:58,18:35,2026-09-26,saga,7,30,馬連,7-9,36.3,36.3,14,https://www.keiba.go.jp/KeibaWeb/TodayRaceInfo/OddsUmLenFuku?k_babaCode=32&k_raceDate=2026%2F09%2F26&k_raceNo=7
2026-09-26 18:35:58,18:35,2026-09-26,saga,7,30,馬連,9-10,36.3,36.3,14,https://www.keiba.go.jp/KeibaWeb/TodayRaceInfo/OddsUmLenFuku?k_babaCode=32&k_raceDate=2026%2F09%2F26&k_raceNo=7
2026-09-26 18:35:58,18:35,2026-09-26,saga,7,30,馬連,1-3,38.0,38.0,17,https://www.keiba.go.jp/KeibaWeb/TodayRaceInfo/OddsUmLenFuku?k_babaCode=32&k_raceDate=2026%2F09%2F26&k_raceNo=7
2026-09-26 18:35:58,18:35,2026-09-26,saga,7,30,馬連,3-6,42.0,42.0,18,https://www.keiba.go.jp/KeibaWeb/TodayRaceInfo/OddsUmLenFuku?k_babaCode=32&k_raceDate=2026%2F09%2F26&k_raceNo=7
2026-09-26 18:35:58,18:35,2026-09-26,saga,7,30,馬連,5-6,47.0,47.0,19,https://www.keiba.go.jp/KeibaWeb/TodayRaceInfo/OddsUmLenFuku?k_babaCode=32&k_raceDate=2026%2F09%2F26&k_raceNo=7
2026-09-26 18:35:58,18:35,2026-09-26,saga,7,30,馬連,1-8,49.9,49.9,20,https://www.keiba.go.jp/KeibaWeb/TodayRaceInfo/OddsUmLenFuku?k_babaCode=32&k_raceDate=2026%2F09%2F26&k_raceNo=7
2026-09-26 18:35:58,18:35,2026-09-26,saga,7,30,馬連,2-5,49.9,49.9,20,https://www.keiba.go.jp/KeibaWeb/TodayRaceInfo/OddsUmLenFuku?k_babaCode=32&k_raceDate=2026%2F09%2F26&k_raceNo=7
2026-09-26 18:35:58,18:35,2026-09-26,saga,7,30,馬連,8-10,49.9,49.9,20,https://www.keiba.go.jp/KeibaWeb/TodayRaceInfo/OddsUmLenFuku?k_babaCode=32&k_raceDate=2026%2F09%2F26&k_raceNo=7
2026-09-26 18:35:58,18:35,2026-09-26,saga,7,30,馬連,2-4,53.3,53.3,23,https://www.keiba.go.jp/KeibaWeb/TodayRaceInfo/OddsUmLenFuku?k_babaCode=32&k_raceDate=2026%2F09%2F26&k_raceNo=7
2026-09-26 18:35:58,18:35,2026-09-26,saga,7,30,馬連,2-6,53.3,53.3,23,https://www.keiba.go.jp/KeibaWeb/TodayRaceInfo/OddsUmLenFuku?k_babaCode=32&k_raceDate=2026%2F09%2F26&k_raceNo=7
2026-09-26 18:35:58,18:35,2026-09-26,saga,7,30,馬連,7-8,53.3,53.3,23,https://www.keiba.go.jp/KeibaWeb/TodayRaceInfo/OddsUmLenFuku?k_babaCode=32&k_raceDate=2026%2F09%2F26&k_raceNo=7
2026-09-26 18:35:58,18:35,2026-09-26,saga,7,30,馬連,2-9,57.1,57.1,26,https://www.keiba.go.jp/KeibaWeb/TodayRaceInfo/OddsUmLenFuku?k_babaCode=32&k_raceDate=2026%2F09%2F26&k_raceNo=7
2026-09-26 18:35:58,18:35,2026-09-26,saga,7,30,馬連,4-5,57.1,57.1,26,https://www.keiba.go.jp/KeibaWeb/TodayRaceInfo/OddsUmLenFuku?k_babaCode=32&k_raceDate=2026%2F09%2F26&k_raceNo=7
2026-09-26 18:35:58,18:35,2026-09-26,saga,7,30,馬連,1-2,61.5,61.5,28,https://www.keiba.go.jp/KeibaWeb/TodayRaceInfo/OddsUmLenFuku?k_babaCode=32&k_raceDate=2026%2F09%2F26&k_raceNo=7
2026-09-26 18:35:58,18:35,2026-09-26,saga,7,30,馬連,1-9,72.6,72.6,29,https://www.keiba.go.jp/KeibaWeb/TodayRaceInfo/OddsUmLenFuku?k_babaCode=32&k_raceDate=2026%2F09%2F26&k_raceNo=7
2026-09-26 18:35:58,18:35,2026-09-26,saga,7,30,馬連,2-10,79.9,79.9,30,https://www.keiba.go.jp/KeibaWeb/TodayRaceInfo/OddsUmLenFuku?k_babaCode=32&k_raceDate=2026%2F09%2F26&k_raceNo=7
2026-09-26 18:35:58,18:35,2026-09-26,saga,7,30,馬連,4-9,79.9,79.9,30,https://www.keiba.go.jp/KeibaWeb/TodayRaceInfo/OddsUmLenFuku?k_babaCode=32&k_raceDate=2026%2F09%2F26&k_raceNo=7
2026-09-26 18:35:58,18:35,2026-09-26,saga,7,30,馬連,6-7,79.9,79.9,30,https://www.keiba.go.jp/KeibaWeb/TodayRaceInfo/OddsUmLenFuku?k_babaCode=32&k_raceDate=2026%2F09%2F26&k_raceNo=7
2026-09-26 18:35:58,18:35,2026-09-26,saga,7,30,馬連,1-5,88.8,88.8,33,https://www.keiba.go.jp/KeibaWeb/TodayRaceInfo/OddsUmLenFuku?k_babaCode=32&k_raceDate=2026%2F09%2F26&k_raceNo=7
2026-09-26 18:35:58,18:35,2026-09-26,saga,7,30,馬連,4-7,99.9,99.9,34,https://www.keiba.go.jp/KeibaWeb/TodayRaceInfo/OddsUmLenFuku?k_babaCode=32&k_raceDate=2026%2F09%2F26&k_raceNo=7
2026-09-26 18:35:58,18:35,2026-09-26,saga,7,30,馬連,5-7,114.2,114.2,35,https://www.keiba.go.jp/KeibaWeb/TodayRaceInfo/OddsUmLenFuku?k_babaCode=32&k_raceDate=2026%2F09%2F26&k_raceNo=7
2026-09-26 18:35:58,18:35,2026-09-26,saga,7,30,馬連,6-9,114.2,114.2,35,https://www.keiba.go.jp/KeibaWeb/TodayRaceInfo/OddsUmLenFuku?k_babaCode=32&k_raceDate=2026%2F09%2F26&k_raceNo=7
2026-09-26 18:35:58,18:35,2026-09-26,saga,7,30,馬連,1-10,159.9,159.9,37,https://www.keiba.go.jp/KeibaWeb/TodayRaceInfo/OddsUmLenFuku?k_babaCode=32&k_raceDate=2026%2F09%2F26&k_raceNo=7
2026-09-26 18:35:58,18:35,2026-09-26,saga,7,30,馬連,5-10,159.9,159.9,37,https://www.keiba.go.jp/KeibaWeb/TodayRaceInfo/OddsUmLenFuku?k_babaCode=32&k_raceDate=2026%2F09%2F26&k_raceNo=7
2026-09-26 18:35:58,18:35,2026-09-26,saga,7,30,馬連,6-10,159.9,159.9,37,https://www.keiba.go.jp/KeibaWeb/TodayRaceInfo/OddsUmLenFuku?k_babaCode=32&k_raceDate=2026%2F09%2F26&k_raceNo=7
2026-09-26 18:35:58,18:35,2026-09-26,saga,7,30,馬連,7-10,159.9,159.9,37,https://www.keiba.go.jp/KeibaWeb/TodayRaceInfo/OddsUmLenFuku?k_babaCode=32&k_raceDate=2026%2F09%2F26&k_raceNo=7
2026-09-26 18:35:58,18:35,2026-09-26,saga,7,30,馬連,1-4,266.5,266.5,41,https://www.keiba.go.jp/KeibaWeb/TodayRaceInfo/OddsUmLenFuku?k_babaCode=32&k_raceDate=2026%2F09%2F26&k_raceNo=7
2026-09-26 18:35:58,18:35,2026-09-26,saga,7,30,馬連,1-7,266.5,266.5,41,https://www.keiba.go.jp/KeibaWeb/TodayRaceInfo/OddsUmLenFuku?k_babaCode=32&k_raceDate=2026%2F09%2F26&k_raceNo=7
2026-09-26 18:35:58,18:35,2026-09-26,saga,7,30,馬連,4-10,266.5,266.5,41,https://www.keiba.go.jp/KeibaWeb/TodayRaceInfo/OddsUmLenFuku?k_babaCode=32&k_raceDate=2026%2F09%2F26&k_raceNo=7
2026-09-26 18:35:58,18:35,2026-09-26,saga,7,30,馬連,1-6,399.7,399.7,44,https://www.keiba.go.jp/KeibaWeb/TodayRaceInfo/OddsUmLenFuku?k_babaCode=32&k_raceDate=2026%2F09%2F26&k_raceNo=7
2026-09-26 18:35:58,18:35,2026-09-26,saga,7,30,馬連,4-6,799.5,799.5,45,https://www.keiba.go.jp/KeibaWeb/TodayRaceInfo/OddsUmLenFuku?k_babaCode=32&k_raceDate=2026%2F09%2F26&k_raceNo=7
2026-09-26 18:35:58,18:35,2026-09-26,saga,7,30,ワイド,3-8,2.5,2.8,1,https://www.keiba.go.jp/KeibaWeb/TodayRaceInfo/OddsWide?k_babaCode=32&k_raceDate=2026%2F09%2F26&k_raceNo=7
2026-09-26 18:35:58,18:35,2026-09-26,saga,7,30,ワイド,3-9,3.2,3.6,2,https://www.keiba.go.jp/KeibaWeb/TodayRaceInfo/OddsWide?k_babaCode=32&k_raceDate=2026%2F09%2F26&k_raceNo=7
2026-09-26 18:35:58,18:35,2026-09-26,saga,7,30,ワイド,5-9,3.8,4.2,3,https://www.keiba.go.jp/KeibaWeb/TodayRaceInfo/OddsWide?k_babaCode=32&k_raceDate=2026%2F09%2F26&k_raceNo=7
2026-09-26 18:35:58,18:35,2026-09-26,saga,7,30,ワイド,8-9,4.8,5.6,4,https://www.keiba.go.jp/KeibaWeb/TodayRaceInfo/OddsWide?k_babaCode=32&k_raceDate=2026%2F09%2F26&k_raceNo=7
2026-09-26 18:35:58,18:35,2026-09-26,saga,7,30,ワイド,2-8,5.0,5.7,5,https://www.keiba.go.jp/KeibaWeb/TodayRaceInfo/OddsWide?k_babaCode=32&k_raceDate=2026%2F09%2F26&k_raceNo=7
2026-09-26 18:35:58,18:35,2026-09-26,saga,7,30,ワイド,2-3,5.2,5.9,6,https://www.keiba.go.jp/KeibaWeb/TodayRaceInfo/OddsWide?k_babaCode=32&k_raceDate=2026%2F09%2F26&k_raceNo=7
2026-09-26 18:35:58,18:35,2026-09-26,saga,7,30,ワイド,3-5,5.6,6.3,7,https://www.keiba.go.jp/KeibaWeb/TodayRaceInfo/OddsWide?k_babaCode=32&k_raceDate=2026%2F09%2F26&k_raceNo=7
2026-09-26 18:35:58,18:35,2026-09-26,saga,7,30,ワイド,3-7,6.4,7.2,8,https://www.keiba.go.jp/KeibaWeb/TodayRaceInfo/OddsWide?k_babaCode=32&k_raceDate=2026%2F09%2F26&k_raceNo=7
2026-09-26 18:35:58,18:35,2026-09-26,saga,7,30,ワイド,7-8,6.9,7.8,9,https://www.keiba.go.jp/KeibaWeb/TodayRaceInfo/OddsWide?k_babaCode=32&k_raceDate=2026%2F09%2F26&k_raceNo=7
2026-09-26 18:35:58,18:35,2026-09-26,saga,7,30,ワイド,5-8,7.0,8.0,10,https://www.keiba.go.jp/KeibaWeb/TodayRaceInfo/OddsWide?k_babaCode=32&k_raceDate=2026%2F09%2F26&k_raceNo=7
2026-09-26 18:35:58,18:35,2026-09-26,saga,7,30,ワイド,1-8,8.1,9.0,11,https://www.keiba.go.jp/KeibaWeb/TodayRaceInfo/OddsWide?k_babaCode=32&k_raceDate=2026%2F09%2F26&k_raceNo=7
2026-09-26 18:35:58,18:35,2026-09-26,saga,7,30,ワイド,3-4,8.5,9.5,12,https://www.keiba.go.jp/KeibaWeb/TodayRaceInfo/OddsWide?k_babaCode=32&k_raceDate=2026%2F09%2F26&k_raceNo=7
2026-09-26 18:35:58,18:35,2026-09-26,saga,7,30,ワイド,4-8,9.4,10.6,13,https://www.keiba.go.jp/KeibaWeb/TodayRaceInfo/OddsWide?k_babaCode=32&k_raceDate=2026%2F09%2F26&k_raceNo=7
2026-09-26 18:35:58,18:35,2026-09-26,saga,7,30,ワイド,2-7,9.6,10.2,14,https://www.keiba.go.jp/KeibaWeb/TodayRaceInfo/OddsWide?k_babaCode=32&k_raceDate=2026%2F09%2F26&k_raceNo=7
2026-09-26 18:35:58,18:35,2026-09-26,saga,7,30,ワイド,3-10,10.4,11.4,15,https://www.keiba.go.jp/KeibaWeb/TodayRaceInfo/OddsWide?k_babaCode=32&k_raceDate=2026%2F09%2F26&k_raceNo=7
2026-09-26 18:35:58,18:35,2026-09-26,saga,7,30,ワイド,2-6,10.5,11.0,16,https://www.keiba.go.jp/KeibaWeb/TodayRaceInfo/OddsWide?k_babaCode=32&k_raceDate=2026%2F09%2F26&k_raceNo=7
2026-09-26 18:35:58,18:35,2026-09-26,saga,7,30,ワイド,6-8,12.2,13.6,17,https://www.keiba.go.jp/KeibaWeb/TodayRaceInfo/OddsWide?k_babaCode=32&k_raceDate=2026%2F09%2F26&k_raceNo=7
2026-09-26 18:35:58,18:35,2026-09-26,saga,7,30,ワイド,5-7,12.8,13.7,18,https://www.keiba.go.jp/KeibaWeb/TodayRaceInfo/OddsWide?k_babaCode=32&k_raceDate=2026%2F09%2F26&k_raceNo=7
2026-09-26 18:35:58,18:35,2026-09-26,saga,7,30,ワイド,3-6,12.8,14.3,19,https://www.keiba.go.jp/KeibaWeb/TodayRaceInfo/OddsWide?k_babaCode=32&k_raceDate=2026%2F09%2F26&k_raceNo=7
2026-09-26 18:35:58,18:35,2026-09-26,saga,7,30,ワイド,2-4,12.9,13.7,20,https://www.keiba.go.jp/KeibaWeb/TodayRaceInfo/OddsWide?k_babaCode=32&k_raceDate=2026%2F09%2F26&k_raceNo=7
2026-09-26 18:35:58,18:35,2026-09-26,saga,7,30,ワイド,9-10,13.9,15.1,21,https://www.keiba.go.jp/KeibaWeb/TodayRaceInfo/OddsWide?k_babaCode=32&k_raceDate=2026%2F09%2F26&k_raceNo=7
2026-09-26 18:35:58,18:35,2026-09-26,saga,7,30,ワイド,1-3,14.1,15.9,22,https://www.keiba.go.jp/KeibaWeb/TodayRaceInfo/OddsWide?k_babaCode=32&k_raceDate=2026%2F09%2F26&k_raceNo=7
2026-09-26 18:35:58,18:35,2026-09-26,saga,7,30,ワイド,2-9,15.2,16.8,23,https://www.keiba.go.jp/KeibaWeb/TodayRaceInfo/OddsWide?k_babaCode=32&k_raceDate=2026%2F09%2F26&k_raceNo=7
2026-09-26 18:35:58,18:35,2026-09-26,saga,7,30,ワイド,2-5,15.8,17.0,24,https://www.keiba.go.jp/KeibaWeb/TodayRaceInfo/OddsWide?k_babaCode=32&k_raceDate=2026%2F09%2F26&k_raceNo=7
2026-09-26 18:35:58,18:35,2026-09-26,saga,7,30,ワイド,7-9,16.3,18.1,25,https://www.keiba.go.jp/KeibaWeb/TodayRaceInfo/OddsWide?k_babaCode=32&k_raceDate=2026%2F09%2F26&k_raceNo=7
2026-09-26 18:35:58,18:35,2026-09-26,saga,7,30,ワイド,4-9,16.5,18.1,26,https://www.keiba.go.jp/KeibaWeb/TodayRaceInfo/OddsWide?k_babaCode=32&k_raceDate=2026%2F09%2F26&k_raceNo=7
2026-09-26 18:35:58,18:35,2026-09-26,saga,7,30,ワイド,1-9,19.2,20.8,27,https://www.keiba.go.jp/KeibaWeb/TodayRaceInfo/OddsWide?k_babaCode=32&k_raceDate=2026%2F09%2F26&k_raceNo=7
2026-09-26 18:35:58,18:35,2026-09-26,saga,7,30,ワイド,1-2,19.5,20.8,28,https://www.keiba.go.jp/KeibaWeb/TodayRaceInfo/OddsWide?k_babaCode=32&k_raceDate=2026%2F09%2F26&k_raceNo=7
2026-09-26 18:35:58,18:35,2026-09-26,saga,7,30,ワイド,4-7,19.8,20.9,29,https://www.keiba.go.jp/KeibaWeb/TodayRaceInfo/OddsWide?k_babaCode=32&k_raceDate=2026%2F09%2F26&k_raceNo=7
2026-09-26 18:35:58,18:35,2026-09-26,saga,7,30,ワイド,8-10,23.9,26.5,30,https://www.keiba.go.jp/KeibaWeb/TodayRaceInfo/OddsWide?k_babaCode=32&k_raceDate=2026%2F09%2F26&k_raceNo=7
2026-09-26 18:35:58,18:35,2026-09-26,saga,7,30,ワイド,4-5,25.1,27.0,31,https://www.keiba.go.jp/KeibaWeb/TodayRaceInfo/OddsWide?k_babaCode=32&k_raceDate=2026%2F09%2F26&k_raceNo=7
2026-09-26 18:35:58,18:35,2026-09-26,saga,7,30,ワイド,5-6,25.3,26.9,32,https://www.keiba.go.jp/KeibaWeb/TodayRaceInfo/OddsWide?k_babaCode=32&k_raceDate=2026%2F09%2F26&k_raceNo=7
2026-09-26 18:35:58,18:35,2026-09-26,saga,7,30,ワイド,7-10,25.7,27.0,33,https://www.keiba.go.jp/KeibaWeb/TodayRaceInfo/OddsWide?k_babaCode=32&k_raceDate=2026%2F09%2F26&k_raceNo=7
2026-09-26 18:35:58,18:35,2026-09-26,saga,7,30,ワイド,6-10,26.2,27.0,34,https://www.keiba.go.jp/KeibaWeb/TodayRaceInfo/OddsWide?k_babaCode=32&k_raceDate=2026%2F09%2F26&k_raceNo=7
2026-09-26 18:35:58,18:35,2026-09-26,saga,7,30,ワイド,6-9,27.5,29.7,35,https://www.keiba.go.jp/KeibaWeb/TodayRaceInfo/OddsWide?k_babaCode=32&k_raceDate=2026%2F09%2F26&k_raceNo=7
2026-09-26 18:35:58,18:35,2026-09-26,saga,7,30,ワイド,2-10,28.3,29.8,36,https://www.keiba.go.jp/KeibaWeb/TodayRaceInfo/OddsWide?k_babaCode=32&k_raceDate=2026%2F09%2F26&k_raceNo=7
2026-09-26 18:35:58,18:35,2026-09-26,saga,7,30,ワイド,4-10,28.8,30.0,37,https://www.keiba.go.jp/KeibaWeb/TodayRaceInfo/OddsWide?k_babaCode=32&k_raceDate=2026%2F09%2F26&k_raceNo=7
2026-09-26 18:35:58,18:35,2026-09-26,saga,7,30,ワイド,1-5,31.4,33.6,38,https://www.keiba.go.jp/KeibaWeb/TodayRaceInfo/OddsWide?k_babaCode=32&k_raceDate=2026%2F09%2F26&k_raceNo=7
2026-09-26 18:35:58,18:35,2026-09-26,saga,7,30,ワイド,5-10,35.6,38.3,39,https://www.keiba.go.jp/KeibaWeb/TodayRaceInfo/OddsWide?k_babaCode=32&k_raceDate=2026%2F09%2F26&k_raceNo=7
2026-09-26 18:35:58,18:35,2026-09-26,saga,7,30,ワイド,6-7,36.7,38.3,40,https://www.keiba.go.jp/KeibaWeb/TodayRaceInfo/OddsWide?k_babaCode=32&k_raceDate=2026%2F09%2F26&k_raceNo=7
2026-09-26 18:35:58,18:35,2026-09-26,saga,7,30,ワイド,4-6,37.1,38.4,41,https://www.keiba.go.jp/KeibaWeb/TodayRaceInfo/OddsWide?k_babaCode=32&k_raceDate=2026%2F09%2F26&k_raceNo=7
2026-09-26 18:35:58,18:35,2026-09-26,saga,7,30,ワイド,1-7,42.4,44.6,42,https://www.keiba.go.jp/KeibaWeb/TodayRaceInfo/OddsWide?k_babaCode=32&k_raceDate=2026%2F09%2F26&k_raceNo=7
2026-09-26 18:35:58,18:35,2026-09-26,saga,7,30,ワイド,1-6,43.0,44.7,43,https://www.keiba.go.jp/KeibaWeb/TodayRaceInfo/OddsWide?k_babaCode=32&k_raceDate=2026%2F09%2F26&k_raceNo=7
2026-09-26 18:35:58,18:35,2026-09-26,saga,7,30,ワイド,1-10,52.1,53.5,44,https://www.keiba.go.jp/KeibaWeb/TodayRaceInfo/OddsWide?k_babaCode=32&k_raceDate=2026%2F09%2F26&k_raceNo=7
2026-09-26 18:35:58,18:35,2026-09-26,saga,7,30,ワイド,1-4,64.0,66.7,45,https://www.keiba.go.jp/KeibaWeb/TodayRaceInfo/OddsWide?k_babaCode=32&k_raceDate=2026%2F09%2F26&k_raceNo=7
2026-09-26 18:35:58,18:35,2026-09-26,saga,7,30,三連複,3-8-9,8.2,8.2,1,https://www.keiba.go.jp/KeibaWeb/TodayRaceInfo/Odds3LenFuku?k_babaCode=32&k_raceDate=2026%2F09%2F26&k_raceNo=7
2026-09-26 18:35:58,18:35,2026-09-26,saga,7,30,三連複,3-5-8,9.4,9.4,2,https://www.keiba.go.jp/KeibaWeb/TodayRaceInfo/Odds3LenFuku?k_babaCode=32&k_raceDate=2026%2F09%2F26&k_raceNo=7
2026-09-26 18:35:58,18:35,2026-09-26,saga,7,30,三連複,2-3-8,17.6,17.6,3,https://www.keiba.go.jp/KeibaWeb/TodayRaceInfo/Odds3LenFuku?k_babaCode=32&k_raceDate=2026%2F09%2F26&k_raceNo=7
2026-09-26 18:35:58,18:35,2026-09-26,saga,7,30,三連複,3-8-10,24.1,24.1,4,https://www.keiba.go.jp/KeibaWeb/TodayRaceInfo/Odds3LenFuku?k_babaCode=32&k_raceDate=2026%2F09%2F26&k_raceNo=7
2026-09-26 18:35:58,18:35,2026-09-26,saga,7,30,三連複,3-4-8,25.0,25.0,5,https://www.keiba.go.jp/KeibaWeb/TodayRaceInfo/Odds3LenFuku?k_babaCode=32&k_raceDate=2026%2F09%2F26&k_raceNo=7
2026-09-26 18:35:58,18:35,2026-09-26,saga,7,30,三連複,3-9-10,29.0,29.0,6,https://www.keiba.go.jp/KeibaWeb/TodayRaceInfo/Odds3LenFuku?k_babaCode=32&k_raceDate=2026%2F09%2F26&k_raceNo=7
2026-09-26 18:35:58,18:35,2026-09-26,saga,7,30,三連複,2-3-5,32.3,32.3,7,https://www.keiba.go.jp/KeibaWeb/TodayRaceInfo/Odds3LenFuku?k_babaCode=32&k_raceDate=2026%2F09%2F26&k_raceNo=7
2026-09-26 18:35:58,18:35,2026-09-26,saga,7,30,三連複,3-7-8,34.1,34.1,8,https://www.keiba.go.jp/KeibaWeb/TodayRaceInfo/Odds3LenFuku?k_babaCode=32&k_raceDate=2026%2F09%2F26&k_raceNo=7
2026-09-26 18:35:58,18:35,2026-09-26,saga,7,30,三連複,5-8-9,35.0,35.0,9,https://www.keiba.go.jp/KeibaWeb/TodayRaceInfo/Odds3LenFuku?k_babaCode=32&k_raceDate=2026%2F09%2F26&k_raceNo=7
2026-09-26 18:35:58,18:35,2026-09-26,saga,7,30,三連複,2-3-9,37.0,37.0,10,https://www.keiba.go.jp/KeibaWeb/TodayRaceInfo/Odds3LenFuku?k_babaCode=32&k_raceDate=2026%2F09%2F26&k_raceNo=7
2026-09-26 18:35:58,18:35,2026-09-26,saga,7,30,三連複,3-4-9,37.6,37.6,11,https://www.keiba.go.jp/KeibaWeb/TodayRaceInfo/Odds3LenFuku?k_babaCode=32&k_raceDate=2026%2F09%2F26&k_raceNo=7
2026-09-26 18:35:58,18:35,2026-09-26,saga,7,30,三連複,8-9-10,38.1,38.1,12,https://www.keiba.go.jp/KeibaWeb/TodayRaceInfo/Odds3LenFuku?k_babaCode=32&k_raceDate=2026%2F09%2F26&k_raceNo=7
2026-09-26 18:35:58,18:35,2026-09-26,saga,7,30,三連複,2-3-7,40.6,40.6,13,https://www.keiba.go.jp/KeibaWeb/TodayRaceInfo/Odds3LenFuku?k_babaCode=32&k_raceDate=2026%2F09%2F26&k_raceNo=7
2026-09-26 18:35:58,18:35,2026-09-26,saga,7,30,三連複,4-8-9,41.2,41.2,14,https://www.keiba.go.jp/KeibaWeb/TodayRaceInfo/Odds3LenFuku?k_babaCode=32&k_raceDate=2026%2F09%2F26&k_raceNo=7
2026-09-26 18:35:58,18:35,2026-09-26,saga,7,30,三連複,3-5-9,44.1,44.1,15,https://www.keiba.go.jp/KeibaWeb/TodayRaceInfo/Odds3LenFuku?k_babaCode=32&k_raceDate=2026%2F09%2F26&k_raceNo=7
2026-09-26 18:35:58,18:35,2026-09-26,saga,7,30,三連複,2-8-9,46.5,46.5,16,https://www.keiba.go.jp/KeibaWeb/TodayRaceInfo/Odds3LenFuku?k_babaCode=32&k_raceDate=2026%2F09%2F26&k_raceNo=7
2026-09-26 18:35:58,18:35,2026-09-26,saga,7,30,三連複,1-3-8,47.3,47.3,17,https://www.keiba.go.jp/KeibaWeb/TodayRaceInfo/Odds3LenFuku?k_babaCode=32&k_raceDate=2026%2F09%2F26&k_raceNo=7
2026-09-26 18:35:58,18:35,2026-09-26,saga,7,30,三連複,2-5-8,52.2,52.2,18,https://www.keiba.go.jp/KeibaWeb/TodayRaceInfo/Odds3LenFuku?k_babaCode=32&k_raceDate=2026%2F09%2F26&k_raceNo=7
2026-09-26 18:35:58,18:35,2026-09-26,saga,7,30,三連複,3-5-6,53.3,53.3,19,https://www.keiba.go.jp/KeibaWeb/TodayRaceInfo/Odds3LenFuku?k_babaCode=32&k_raceDate=2026%2F09%2F26&k_raceNo=7
2026-09-26 18:35:58,18:35,2026-09-26,saga,7,30,三連複,3-7-9,54.4,54.4,20,https://www.keiba.go.jp/KeibaWeb/TodayRaceInfo/Odds3LenFuku?k_babaCode=32&k_raceDate=2026%2F09%2F26&k_raceNo=7
2026-09-26 18:35:58,18:35,2026-09-26,saga,7,30,三連複,2-3-4,55.6,55.6,21,https://www.keiba.go.jp/KeibaWeb/TodayRaceInfo/Odds3LenFuku?k_babaCode=32&k_raceDate=2026%2F09%2F26&k_raceNo=7
2026-09-26 18:35:58,18:35,2026-09-26,saga,7,30,三連複,1-8-9,60.9,60.9,22,https://www.keiba.go.jp/KeibaWeb/TodayRaceInfo/Odds3LenFuku?k_babaCode=32&k_raceDate=2026%2F09%2F26&k_raceNo=7
2026-09-26 18:35:58,18:35,2026-09-26,saga,7,30,三連複,4-5-8,63.9,63.9,23,https://www.keiba.go.jp/KeibaWeb/TodayRaceInfo/Odds3LenFuku?k_babaCode=32&k_raceDate=2026%2F09%2F26&k_raceNo=7
2026-09-26 18:35:58,18:35,2026-09-26,saga,7,30,三連複,5-6-8,63.9,63.9,23,https://www.keiba.go.jp/KeibaWeb/TodayRaceInfo/Odds3LenFuku?k_babaCode=32&k_raceDate=2026%2F09%2F26&k_raceNo=7
2026-09-26 18:35:58,18:35,2026-09-26,saga,7,30,三連複,7-8-9,67.3,67.3,25,https://www.keiba.go.jp/KeibaWeb/TodayRaceInfo/Odds3LenFuku?k_babaCode=32&k_raceDate=2026%2F09%2F26&k_raceNo=7
2026-09-26 18:35:58,18:35,2026-09-26,saga,7,30,三連複,3-4-5,69.1,69.1,26,https://www.keiba.go.jp/KeibaWeb/TodayRaceInfo/Odds3LenFuku?k_babaCode=32&k_raceDate=2026%2F09%2F26&k_raceNo=7
2026-09-26 18:35:58,18:35,2026-09-26,saga,7,30,三連複,3-6-8,69.1,69.1,26,https://www.keiba.go.jp/KeibaWeb/TodayRaceInfo/Odds3LenFuku?k_babaCode=32&k_raceDate=2026%2F09%2F26&k_raceNo=7
2026-09-26 18:35:58,18:35,2026-09-26,saga,7,30,三連複,3-4-7,71.0,71.0,28,https://www.keiba.go.jp/KeibaWeb/TodayRaceInfo/Odds3LenFuku?k_babaCode=32&k_raceDate=2026%2F09%2F26&k_raceNo=7
2026-09-26 18:35:58,18:35,2026-09-26,saga,7,30,三連複,1-3-9,73.1,73.1,29,https://www.keiba.go.jp/KeibaWeb/TodayRaceInfo/Odds3LenFuku?k_babaCode=32&k_raceDate=2026%2F09%2F26&k_raceNo=7
2026-09-26 18:35:58,18:35,2026-09-26,saga,7,30,三連複,2-3-10,77.5,77.5,30,https://www.keiba.go.jp/KeibaWeb/TodayRaceInfo/Odds3LenFuku?k_babaCode=32&k_raceDate=2026%2F09%2F26&k_raceNo=7
2026-09-26 18:35:58,18:35,2026-09-26,saga,7,30,三連複,2-7-8,77.5,77.5,30,https://www.keiba.go.jp/KeibaWeb/TodayRaceInfo/Odds3LenFuku?k_babaCode=32&k_raceDate=2026%2F09%2F26&k_raceNo=7
2026-09-26 18:35:58,18:35,2026-09-26,saga,7,30,三連複,1-2-3,82.5,82.5,32,https://www.keiba.go.jp/KeibaWeb/TodayRaceInfo/Odds3LenFuku?k_babaCode=32&k_raceDate=2026%2F09%2F26&k_raceNo=7
2026-09-26 18:35:58,18:35,2026-09-26,saga,7,30,三連複,2-4-8,82.5,82.5,32,https://www.keiba.go.jp/KeibaWeb/TodayRaceInfo/Odds3LenFuku?k_babaCode=32&k_raceDate=2026%2F09%2F26&k_raceNo=7
2026-09-26 18:35:58,18:35,2026-09-26,saga,7,30,三連複,2-5-6,98.4,98.4,34,https://www.keiba.go.jp/KeibaWeb/TodayRaceInfo/Odds3LenFuku?k_babaCode=32&k_raceDate=2026%2F09%2F26&k_raceNo=7
2026-09-26 18:35:58,18:35,2026-09-26,saga,7,30,三連複,3-5-7,106.6,106.6,35,https://www.keiba.go.jp/KeibaWeb/TodayRaceInfo/Odds3LenFuku?k_babaCode=32&k_raceDate=2026%2F09%2F26&k_raceNo=7
2026-09-26 18:35:58,18:35,2026-09-26,saga,7,30,三連複,4-9-10,106.6,106.6,35,https://www.keiba.go.jp/KeibaWeb/TodayRaceInfo/Odds3LenFuku?k_babaCode=32&k_raceDate=2026%2F09%2F26&k_raceNo=7
2026-09-26 18:35:58,18:35,2026-09-26,saga,7,30,三連複,5-7-8,106.6,106.6,35,https://www.keiba.go.jp/KeibaWeb/TodayRaceInfo/Odds3LenFuku?k_babaCode=32&k_raceDate=2026%2F09%2F26&k_raceNo=7
2026-09-26 18:35:58,18:35,2026-09-26,saga,7,30,三連複,1-3-10,111.2,111.2,38,https://www.keiba.go.jp/KeibaWeb/TodayRaceInfo/Odds3LenFuku?k_babaCode=32&k_raceDate=2026%2F09%2F26&k_raceNo=7
2026-09-26 18:35:58,18:35,2026-09-26,saga,7,30,三連複,2-8-10,111.2,111.2,38,https://www.keiba.go.jp/KeibaWeb/TodayRaceInfo/Odds3LenFuku?k_babaCode=32&k_raceDate=2026%2F09%2F26&k_raceNo=7
2026-09-26 18:35:58,18:35,2026-09-26,saga,7,30,三連複,3-5-10,111.2,111.2,38,https://www.keiba.go.jp/KeibaWeb/TodayRaceInfo/Odds3LenFuku?k_babaCode=32&k_raceDate=2026%2F09%2F26&k_raceNo=7
2026-09-26 18:35:58,18:35,2026-09-26,saga,7,30,三連複,3-6-9,111.2,111.2,38,https://www.keiba.go.jp/KeibaWeb/TodayRaceInfo/Odds3LenFuku?k_babaCode=32&k_raceDate=2026%2F09%2F26&k_raceNo=7
2026-09-26 18:35:58,18:35,2026-09-26,saga,7,30,三連複,5-8-10,111.2,111.2,38,https://www.keiba.go.jp/KeibaWeb/TodayRaceInfo/Odds3LenFuku?k_babaCode=32&k_raceDate=2026%2F09%2F26&k_raceNo=7
2026-09-26 18:35:58,18:35,2026-09-26,saga,7,30,三連複,1-5-8,116.3,116.3,43,https://www.keiba.go.jp/KeibaWeb/TodayRaceInfo/Odds3LenFuku?k_babaCode=32&k_raceDate=2026%2F09%2F26&k_raceNo=7
2026-09-26 18:35:58,18:35,2026-09-26,saga,7,30,三連複,2-3-6,116.3,116.3,43,https://www.keiba.go.jp/KeibaWeb/TodayRaceInfo/Odds3LenFuku?k_babaCode=32&k_raceDate=2026%2F09%2F26&k_raceNo=7
2026-09-26 18:35:58,18:35,2026-09-26,saga,7,30,三連複,4-7-9,116.3,116.3,43,https://www.keiba.go.jp/KeibaWeb/TodayRaceInfo/Odds3LenFuku?k_babaCode=32&k_raceDate=2026%2F09%2F26&k_raceNo=7
2026-09-26 18:35:58,18:35,2026-09-26,saga,7,30,三連複,4-8-10,116.3,116.3,43,https://www.keiba.go.jp/KeibaWeb/TodayRaceInfo/Odds3LenFuku?k_babaCode=32&k_raceDate=2026%2F09%2F26&k_raceNo=7
2026-09-26 18:35:58,18:35,2026-09-26,saga,7,30,三連複,5-9-10,116.3,116.3,43,https://www.keiba.go.jp/KeibaWeb/TodayRaceInfo/Odds3LenFuku?k_babaCode=32&k_raceDate=2026%2F09%2F26&k_raceNo=7
2026-09-26 18:35:58,18:35,2026-09-26,saga,7,30,三連複,1-3-4,121.8,121.8,48,https://www.keiba.go.jp/KeibaWeb/TodayRaceInfo/Odds3LenFuku?k_babaCode=32&k_raceDate=2026%2F09%2F26&k_raceNo=7
2026-09-26 18:35:58,18:35,2026-09-26,saga,7,30,三連複,1-8-10,121.8,121.8,48,https://www.keiba.go.jp/KeibaWeb/TodayRaceInfo/Odds3LenFuku?k_babaCode=32&k_raceDate=2026%2F09%2F26&k_raceNo=7
2026-09-26 18:35:58,18:35,2026-09-26,saga,7,30,三連複,3-4-10,121.8,121.8,48,https://www.keiba.go.jp/KeibaWeb/TodayRaceInfo/Odds3LenFuku?k_babaCode=32&k_raceDate=2026%2F09%2F26&k_raceNo=7
2026-09-26 18:35:58,18:35,2026-09-26,saga,7,30,三連複,4-7-8,121.8,121.8,48,https://www.keiba.go.jp/KeibaWeb/TodayRaceInfo/Odds3LenFuku?k_babaCode=32&k_raceDate=2026%2F09%2F26&k_raceNo=7
2026-09-26 18:35:58,18:35,2026-09-26,saga,7,30,三連複,1-2-8,127.9,127.9,52,https://www.keiba.go.jp/KeibaWeb/TodayRaceInfo/Odds3LenFuku?k_babaCode=32&k_raceDate=2026%2F09%2F26&k_raceNo=7
2026-09-26 18:35:58,18:35,2026-09-26,saga,7,30,三連複,1-9-10,127.9,127.9,52,https://www.keiba.go.jp/KeibaWeb/TodayRaceInfo/Odds3LenFuku?k_babaCode=32&k_raceDate=2026%2F09%2F26&k_raceNo=7
2026-09-26 18:35:58,18:35,2026-09-26,saga,7,30,三連複,3-7-10,127.9,127.9,52,https://www.keiba.go.jp/KeibaWeb/TodayRaceInfo/Odds3LenFuku?k_babaCode=32&k_raceDate=2026%2F09%2F26&k_raceNo=7
2026-09-26 18:35:58,18:35,2026-09-26,saga,7,30,三連複,2-6-8,142.1,142.1,55,https://www.keiba.go.jp/KeibaWeb/TodayRaceInfo/Odds3LenFuku?k_babaCode=32&k_raceDate=2026%2F09%2F26&k_raceNo=7
2026-09-26 18:35:58,18:35,2026-09-26,saga,7,30,三連複,5-6-7,142.1,142.1,55,https://www.keiba.go.jp/KeibaWeb/TodayRaceInfo/Odds3LenFuku?k_babaCode=32&k_raceDate=2026%2F09%2F26&k_raceNo=7
2026-09-26 18:35:58,18:35,2026-09-26,saga,7,30,三連複,5-6-9,142.1,142.1,55,https://www.keiba.go.jp/KeibaWeb/TodayRaceInfo/Odds3LenFuku?k_babaCode=32&k_raceDate=2026%2F09%2F26&k_raceNo=7
2026-09-26 18:35:58,18:35,2026-09-26,saga,7,30,三連複,2-9-10,150.5,150.5,58,https://www.keiba.go.jp/KeibaWeb/TodayRaceInfo/Odds3LenFuku?k_babaCode=32&k_raceDate=2026%2F09%2F26&k_raceNo=7
2026-09-26 18:35:58,18:35,2026-09-26,saga,7,30,三連複,4-5-6,150.5,150.5,58,https://www.keiba.go.jp/KeibaWeb/TodayRaceInfo/Odds3LenFuku?k_babaCode=32&k_raceDate=2026%2F09%2F26&k_raceNo=7
2026-09-26 18:35:58,18:35,2026-09-26,saga,7,30,三連複,7-8-10,150.5,150.5,58,https://www.keiba.go.jp/KeibaWeb/TodayRaceInfo/Odds3LenFuku?k_babaCode=32&k_raceDate=2026%2F09%2F26&k_raceNo=7
2026-09-26 18:35:58,18:35,2026-09-26,saga,7,30,三連複,1-3-5,159.9,159.9,61,https://www.keiba.go.jp/KeibaWeb/TodayRaceInfo/Odds3LenFuku?k_babaCode=32&k_raceDate=2026%2F09%2F26&k_raceNo=7
2026-09-26 18:35:58,18:35,2026-09-26,saga,7,30,三連複,2-4-7,159.9,159.9,61,https://www.keiba.go.jp/KeibaWeb/TodayRaceInfo/Odds3LenFuku?k_babaCode=32&k_raceDate=2026%2F09%2F26&k_raceNo=7
2026-09-26 18:35:58,18:35,2026-09-26,saga,7,30,三連複,2-4-9,159.9,159.9,61,https://www.keiba.go.jp/KeibaWeb/TodayRaceInfo/Odds3LenFuku?k_babaCode=32&k_raceDate=2026%2F09%2F26&k_raceNo=7
2026-09-26 18:35:58,18:35,2026-09-26,saga,7,30,三連複,2-7-9,159.9,159.9,61,https://www.keiba.go.jp/KeibaWeb/TodayRaceInfo/Odds3LenFuku?k_babaCode=32&k_raceDate=2026%2F09%2F26&k_raceNo=7
2026-09-26 18:35:58,18:35,2026-09-26,saga,7,30,三連複,4-5-9,159.9,159.9,61,https://www.keiba.go.jp/KeibaWeb/TodayRaceInfo/Odds3LenFuku?k_babaCode=32&k_raceDate=2026%2F09%2F26&k_raceNo=7
2026-09-26 18:35:58,18:35,2026-09-26,saga,7,30,三連複,4-5-10,159.9,159.9,61,https://www.keiba.go.jp/KeibaWeb/TodayRaceInfo/Odds3LenFuku?k_babaCode=32&k_raceDate=2026%2F09%2F26&k_raceNo=7
2026-09-26 18:35:58,18:35,2026-09-26,saga,7,30,三連複,5-6-10,159.9,159.9,61,https://www.keiba.go.jp/KeibaWeb/TodayRaceInfo/Odds3LenFuku?k_babaCode=32&k_raceDate=2026%2F09%2F26&k_raceNo=7
2026-09-26 18:35:58,18:35,2026-09-26,saga,7,30,三連複,1-7-8,170.6,170.6,68,https://www.keiba.go.jp/KeibaWeb/TodayRaceInfo/Odds3LenFuku?k_babaCode=32&k_raceDate=2026%2F09%2F26&k_raceNo=7
2026-09-26 18:35:58,18:35,2026-09-26,saga,7,30,三連複,2-4-10,170.6,170.6,68,https://www.keiba.go.jp/KeibaWeb/TodayRaceInfo/Odds3LenFuku?k_babaCode=32&k_raceDate=2026%2F09%2F26&k_raceNo=7
2026-09-26 18:35:58,18:35,2026-09-26,saga,7,30,三連複,7-9-10,170.6,170.6,68,https://www.keiba.go.jp/KeibaWeb/TodayRaceInfo/Odds3LenFuku?k_babaCode=32&k_raceDate=2026%2F09%2F26&k_raceNo=7
2026-09-26 18:35:58,18:35,2026-09-26,saga,7,30,三連複,1-4-9,182.8,182.8,71,https://www.keiba.go.jp/KeibaWeb/TodayRaceInfo/Odds3LenFuku?k_babaCode=32&k_raceDate=2026%2F09%2F26&k_raceNo=7
2026-09-26 18:35:58,18:35,2026-09-26,saga,7,30,三連複,2-5-10,182.8,182.8,71,https://www.keiba.go.jp/KeibaWeb/TodayRaceInfo/Odds3LenFuku?k_babaCode=32&k_raceDate=2026%2F09%2F26&k_raceNo=7
2026-09-26 18:35:58,18:35,2026-09-26,saga,7,30,三連複,1-4-8,196.8,196.8,73,https://www.keiba.go.jp/KeibaWeb/TodayRaceInfo/Odds3LenFuku?k_babaCode=32&k_raceDate=2026%2F09%2F26&k_raceNo=7
2026-09-26 18:35:58,18:35,2026-09-26,saga,7,30,三連複,1-4-10,196.8,196.8,73,https://www.keiba.go.jp/KeibaWeb/TodayRaceInfo/Odds3LenFuku?k_babaCode=32&k_raceDate=2026%2F09%2F26&k_raceNo=7
2026-09-26 18:35:58,18:35,2026-09-26,saga,7,30,三連複,2-4-5,196.8,196.8,73,https://www.keiba.go.jp/KeibaWeb/TodayRaceInfo/Odds3LenFuku?k_babaCode=32&k_raceDate=2026%2F09%2F26&k_raceNo=7
2026-09-26 18:35:58,18:35,2026-09-26,saga,7,30,三連複,2-5-7,196.8,196.8,73,https://www.keiba.go.jp/KeibaWeb/TodayRaceInfo/Odds3LenFuku?k_babaCode=32&k_raceDate=2026%2F09%2F26&k_raceNo=7
2026-09-26 18:35:58,18:35,2026-09-26,saga,7,30,三連複,2-5-9,196.8,196.8,73,https://www.keiba.go.jp/KeibaWeb/TodayRaceInfo/Odds3LenFuku?k_babaCode=32&k_raceDate=2026%2F09%2F26&k_raceNo=7
2026-09-26 18:35:58,18:35,2026-09-26,saga,7,30,三連複,2-6-9,196.8,196.8,73,https://www.keiba.go.jp/KeibaWeb/TodayRaceInfo/Odds3LenFuku?k_babaCode=32&k_raceDate=2026%2F09%2F26&k_raceNo=7
2026-09-26 18:35:58,18:35,2026-09-26,saga,7,30,三連複,4-6-8,196.8,196.8,73,https://www.keiba.go.jp/KeibaWeb/TodayRaceInfo/Odds3LenFuku?k_babaCode=32&k_raceDate=2026%2F09%2F26&k_raceNo=7
2026-09-26 18:35:58,18:35,2026-09-26,saga,7,30,三連複,4-6-10,196.8,196.8,73,https://www.keiba.go.jp/KeibaWeb/TodayRaceInfo/Odds3LenFuku?k_babaCode=32&k_raceDate=2026%2F09%2F26&k_raceNo=7
2026-09-26 18:35:58,18:35,2026-09-26,saga,7,30,三連複,2-6-10,213.2,213.2,81,https://www.keiba.go.jp/KeibaWeb/TodayRaceInfo/Odds3LenFuku?k_babaCode=32&k_raceDate=2026%2F09%2F26&k_raceNo=7
2026-09-26 18:35:58,18:35,2026-09-26,saga,7,30,三連複,2-7-10,213.2,213.2,81,https://www.keiba.go.jp/KeibaWeb/TodayRaceInfo/Odds3LenFuku?k_babaCode=32&k_raceDate=2026%2F09%2F26&k_raceNo=7
2026-09-26 18:35:58,18:35,2026-09-26,saga,7,30,三連複,6-8-10,213.2,213.2,81,https://www.keiba.go.jp/KeibaWeb/TodayRaceInfo/Odds3LenFuku?k_babaCode=32&k_raceDate=2026%2F09%2F26&k_raceNo=7
2026-09-26 18:35:58,18:35,2026-09-26,saga,7,30,三連複,1-3-7,232.6,232.6,84,https://www.keiba.go.jp/KeibaWeb/TodayRaceInfo/Odds3LenFuku?k_babaCode=32&k_raceDate=2026%2F09%2F26&k_raceNo=7
2026-09-26 18:35:58,18:35,2026-09-26,saga,7,30,三連複,3-6-7,232.6,232.6,84,https://www.keiba.go.jp/KeibaWeb/TodayRaceInfo/Odds3LenFuku?k_babaCode=32&k_raceDate=2026%2F09%2F26&k_raceNo=7
2026-09-26 18:35:58,18:35,2026-09-26,saga,7,30,三連複,4-7-10,232.6,232.6,84,https://www.keiba.go.jp/KeibaWeb/TodayRaceInfo/Odds3LenFuku?k_babaCode=32&k_raceDate=2026%2F09%2F26&k_raceNo=7
2026-09-26 18:35:58,18:35,2026-09-26,saga,7,30,三連複,5-7-9,232.6,232.6,84,https://www.keiba.go.jp/KeibaWeb/TodayRaceInfo/Odds3LenFuku?k_babaCode=32&k_raceDate=2026%2F09%2F26&k_raceNo=7
2026-09-26 18:35:58,18:35,2026-09-26,saga,7,30,三連複,6-8-9,232.6,232.6,84,https://www.keiba.go.jp/KeibaWeb/TodayRaceInfo/Odds3LenFuku?k_babaCode=32&k_raceDate=2026%2F09%2F26&k_raceNo=7
2026-09-26 18:35:58,18:35,2026-09-26,saga,7,30,三連複,1-2-5,255.9,255.9,89,https://www.keiba.go.jp/KeibaWeb/TodayRaceInfo/Odds3LenFuku?k_babaCode=32&k_raceDate=2026%2F09%2F26&k_raceNo=7
2026-09-26 18:35:58,18:35,2026-09-26,saga,7,30,三連複,1-5-7,255.9,255.9,89,https://www.keiba.go.jp/KeibaWeb/TodayRaceInfo/Odds3LenFuku?k_babaCode=32&k_raceDate=2026%2F09%2F26&k_raceNo=7
2026-09-26 18:35:58,18:35,2026-09-26,saga,7,30,三連複,2-6-7,255.9,255.9,89,https://www.keiba.go.jp/KeibaWeb/TodayRaceInfo/Odds3LenFuku?k_babaCode=32&k_raceDate=2026%2F09%2F26&k_raceNo=7
2026-09-26 18:35:58,18:35,2026-09-26,saga,7,30,三連複,6-9-10,255.9,255.9,89,https://www.keiba.go.jp/KeibaWeb/TodayRaceInfo/Odds3LenFuku?k_babaCode=32&k_raceDate=2026%2F09%2F26&k_raceNo=7
2026-09-26 18:35:58,18:35,2026-09-26,saga,7,30,三連複,1-2-10,284.3,284.3,93,https://www.keiba.go.jp/KeibaWeb/TodayRaceInfo/Odds3LenFuku?k_babaCode=32&k_raceDate=2026%2F09%2F26&k_raceNo=7
2026-09-26 18:35:58,18:35,2026-09-26,saga,7,30,三連複,1-4-7,284.3,284.3,93,https://www.keiba.go.jp/KeibaWeb/TodayRaceInfo/Odds3LenFuku?k_babaCode=32&k_raceDate=2026%2F09%2F26&k_raceNo=7
2026-09-26 18:35:58,18:35,2026-09-26,saga,7,30,三連複,1-5-6,284.3,284.3,93,https://www.keiba.go.jp/KeibaWeb/TodayRaceInfo/Odds3LenFuku?k_babaCode=32&k_raceDate=2026%2F09%2F26&k_raceNo=7
2026-09-26 18:35:58,18:35,2026-09-26,saga,7,30,三連複,1-5-9,284.3,284.3,93,https://www.keiba.go.jp/KeibaWeb/TodayRaceInfo/Odds3LenFuku?k_babaCode=32&k_raceDate=2026%2F09%2F26&k_raceNo=7
2026-09-26 18:35:58,18:35,2026-09-26,saga,7,30,三連複,3-4-6,284.3,284.3,93,https://www.keiba.go.jp/KeibaWeb/TodayRaceInfo/Odds3LenFuku?k_babaCode=32&k_raceDate=2026%2F09%2F26&k_raceNo=7
2026-09-26 18:35:58,18:35,2026-09-26,saga,7,30,三連複,6-7-8,284.3,284.3,93,https://www.keiba.go.jp/KeibaWeb/TodayRaceInfo/Odds3LenFuku?k_babaCode=32&k_raceDate=2026%2F09%2F26&k_raceNo=7
2026-09-26 18:35:58,18:35,2026-09-26,saga,7,30,三連複,1-2-9,319.9,319.9,99,https://www.keiba.go.jp/KeibaWeb/TodayRaceInfo/Odds3LenFuku?k_babaCode=32&k_raceDate=2026%2F09%2F26&k_raceNo=7
2026-09-26 18:35:58,18:35,2026-09-26,saga,7,30,三連複,4-5-7,319.9,319.9,99,https://www.keiba.go.jp/KeibaWeb/TodayRaceInfo/Odds3LenFuku?k_babaCode=32&k_raceDate=2026%2F09%2F26&k_raceNo=7
2026-09-26 18:35:58,18:35,2026-09-26,saga,7,30,三連複,1-2-7,365.6,365.6,101,https://www.keiba.go.jp/KeibaWeb/TodayRaceInfo/Odds3LenFuku?k_babaCode=32&k_raceDate=2026%2F09%2F26&k_raceNo=7
2026-09-26 18:35:58,18:35,2026-09-26,saga,7,30,三連複,1-4-6,365.6,365.6,101,https://www.keiba.go.jp/KeibaWeb/TodayRaceInfo/Odds3LenFuku?k_babaCode=32&k_raceDate=2026%2F09%2F26&k_raceNo=7
2026-09-26 18:35:58,18:35,2026-09-26,saga,7,30,三連複,1-6-9,365.6,365.6,101,https://www.keiba.go.jp/KeibaWeb/TodayRaceInfo/Odds3LenFuku?k_babaCode=32&k_raceDate=2026%2F09%2F26&k_raceNo=7
2026-09-26 18:35:58,18:35,2026-09-26,saga,7,30,三連複,2-4-6,365.6,365.6,101,https://www.keiba.go.jp/KeibaWeb/TodayRaceInfo/Odds3LenFuku?k_babaCode=32&k_raceDate=2026%2F09%2F26&k_raceNo=7
2026-09-26 18:35:58,18:35,2026-09-26,saga,7,30,三連複,5-7-10,365.6,365.6,101,https://www.keiba.go.jp/KeibaWeb/TodayRaceInfo/Odds3LenFuku?k_babaCode=32&k_raceDate=2026%2F09%2F26&k_raceNo=7
2026-09-26 18:35:58,18:35,2026-09-26,saga,7,30,三連複,1-2-6,426.5,426.5,106,https://www.keiba.go.jp/KeibaWeb/TodayRaceInfo/Odds3LenFuku?k_babaCode=32&k_raceDate=2026%2F09%2F26&k_raceNo=7
2026-09-26 18:35:58,18:35,2026-09-26,saga,7,30,三連複,1-4-5,426.5,426.5,106,https://www.keiba.go.jp/KeibaWeb/TodayRaceInfo/Odds3LenFuku?k_babaCode=32&k_raceDate=2026%2F09%2F26&k_raceNo=7
2026-09-26 18:35:58,18:35,2026-09-26,saga,7,30,三連複,1-7-9,426.5,426.5,106,https://www.keiba.go.jp/KeibaWeb/TodayRaceInfo/Odds3LenFuku?k_babaCode=32&k_raceDate=2026%2F09%2F26&k_raceNo=7
2026-09-26 18:35:58,18:35,2026-09-26,saga,7,30,三連複,1-2-4,511.8,511.8,109,https://www.keiba.go.jp/KeibaWeb/TodayRaceInfo/Odds3LenFuku?k_babaCode=32&k_raceDate=2026%2F09%2F26&k_raceNo=7
2026-09-26 18:35:58,18:35,2026-09-26,saga,7,30,三連複,1-3-6,511.8,511.8,109,https://www.keiba.go.jp/KeibaWeb/TodayRaceInfo/Odds3LenFuku?k_babaCode=32&k_raceDate=2026%2F09%2F26&k_raceNo=7
2026-09-26 18:35:58,18:35,2026-09-26,saga,7,30,三連複,3-6-10,511.8,511.8,109,https://www.keiba.go.jp/KeibaWeb/TodayRaceInfo/Odds3LenFuku?k_babaCode=32&k_raceDate=2026%2F09%2F26&k_raceNo=7
2026-09-26 18:35:58,18:35,2026-09-26,saga,7,30,三連複,4-6-7,511.8,511.8,109,https://www.keiba.go.jp/KeibaWeb/TodayRaceInfo/Odds3LenFuku?k_babaCode=32&k_raceDate=2026%2F09%2F26&k_raceNo=7
2026-09-26 18:35:58,18:35,2026-09-26,saga,7,30,三連複,6-7-9,511.8,511.8,109,https://www.keiba.go.jp/KeibaWeb/TodayRaceInfo/Odds3LenFuku?k_babaCode=32&k_raceDate=2026%2F09%2F26&k_raceNo=7
2026-09-26 18:35:58,18:35,2026-09-26,saga,7,30,三連複,1-6-8,639.8,639.8,114,https://www.keiba.go.jp/KeibaWeb/TodayRaceInfo/Odds3LenFuku?k_babaCode=32&k_raceDate=2026%2F09%2F26&k_raceNo=7
2026-09-26 18:35:58,18:35,2026-09-26,saga,7,30,三連複,1-7-10,639.8,639.8,114,https://www.keiba.go.jp/KeibaWeb/TodayRaceInfo/Odds3LenFuku?k_babaCode=32&k_raceDate=2026%2F09%2F26&k_raceNo=7
2026-09-26 18:35:58,18:35,2026-09-26,saga,7,30,三連複,4-6-9,639.8,639.8,114,https://www.keiba.go.jp/KeibaWeb/TodayRaceInfo/Odds3LenFuku?k_babaCode=32&k_raceDate=2026%2F09%2F26&k_raceNo=7
2026-09-26 18:35:58,18:35,2026-09-26,saga,7,30,三連複,1-6-10,853.0,853.0,117,https://www.keiba.go.jp/KeibaWeb/TodayRaceInfo/Odds3LenFuku?k_babaCode=32&k_raceDate=2026%2F09%2F26&k_raceNo=7
2026-09-26 18:35:58,18:35,2026-09-26,saga,7,30,三連複,6-7-10,853.0,853.0,117,https://www.keiba.go.jp/KeibaWeb/TodayRaceInfo/Odds3LenFuku?k_babaCode=32&k_raceDate=2026%2F09%2F26&k_raceNo=7
2026-09-26 18:35:58,18:35,2026-09-26,saga,7,30,三連複,1-5-10,1279.6,1279.6,119,https://www.keiba.go.jp/KeibaWeb/TodayRaceInfo/Odds3LenFuku?k_babaCode=32&k_raceDate=2026%2F09%2F26&k_raceNo=7
2026-09-26 18:35:58,18:35,2026-09-26,saga,7,30,三連複,1-6-7,2559.2,2559.2,120,https://www.keiba.go.jp/KeibaWeb/TodayRaceInfo/Odds3LenFuku?k_babaCode=32&k_raceDate=2026%2F09%2F26&k_raceNo=7
